<?xml version="1.0"?>
<CalibrationInfo xmlns:xsi="http://www.w3.org/2001/XMLSchema-instance" xmlns:xsd="http://www.w3.org/2001/XMLSchema">
  <size>
    <Width>1067</Width>
    <Height>745</Height>
  </size>
  <circles>
    <Circle>
      <ptCenter>
        <X>136.5</X>
        <Y>171</Y>
      </ptCenter>
      <radius>43.760280470233177</radius>
      <id>0</id>
      <Selected>false</Selected>
    </Circle>
    <Circle>
      <ptCenter>
        <X>122.5</X>
        <Y>336</Y>
      </ptCenter>
      <radius>40.03124061561477</radius>
      <id>0</id>
      <Selected>false</Selected>
    </Circle>
    <Circle>
      <ptCenter>
        <X>122</X>
        <Y>500</Y>
      </ptCenter>
      <radius>40.311288741492746</radius>
      <id>0</id>
      <Selected>false</Selected>
    </Circle>
    <Circle>
      <ptCenter>
        <X>131</X>
        <Y>664</Y>
      </ptCenter>
      <radius>40.814496188294839</radius>
      <id>0</id>
      <Selected>false</Selected>
    </Circle>
    <Circle>
      <ptCenter>
        <X>298.5</X>
        <Y>167.5</Y>
      </ptCenter>
      <radius>43.034302189801714</radius>
      <id>0</id>
      <Selected>false</Selected>
    </Circle>
    <Circle>
      <ptCenter>
        <X>294</X>
        <Y>331.5</Y>
      </ptCenter>
      <radius>45.03124061561477</radius>
      <id>0</id>
      <Selected>false</Selected>
    </Circle>
    <Circle>
      <ptCenter>
        <X>290</X>
        <Y>501.5</Y>
      </ptCenter>
      <radius>42.469062297510973</radius>
      <id>0</id>
      <Selected>false</Selected>
    </Circle>
    <Circle>
      <ptCenter>
        <X>295</X>
        <Y>670</Y>
      </ptCenter>
      <radius>38.967379738244816</radius>
      <id>0</id>
      <Selected>false</Selected>
    </Circle>
    <Circle>
      <ptCenter>
        <X>471.5</X>
        <Y>169</Y>
      </ptCenter>
      <radius>40.528030040344284</radius>
      <id>0</id>
      <Selected>false</Selected>
    </Circle>
    <Circle>
      <ptCenter>
        <X>469.5</X>
        <Y>340.5</Y>
      </ptCenter>
      <radius>40.776351096866584</radius>
      <id>0</id>
      <Selected>false</Selected>
    </Circle>
    <Circle>
      <ptCenter>
        <X>469.5</X>
        <Y>505</Y>
      </ptCenter>
      <radius>40.978842710531552</radius>
      <id>0</id>
      <Selected>false</Selected>
    </Circle>
    <Circle>
      <ptCenter>
        <X>471.5</X>
        <Y>673</Y>
      </ptCenter>
      <radius>40.373214245220062</radius>
      <id>0</id>
      <Selected>true</Selected>
    </Circle>
    <Circle>
      <ptCenter>
        <X>654.5</X>
        <Y>169.5</Y>
      </ptCenter>
      <radius>39.925389765903226</radius>
      <id>0</id>
      <Selected>false</Selected>
    </Circle>
    <Circle>
      <ptCenter>
        <X>652.5</X>
        <Y>337.5</Y>
      </ptCenter>
      <radius>40.904909578116659</radius>
      <id>0</id>
      <Selected>false</Selected>
    </Circle>
    <Circle>
      <ptCenter>
        <X>648</X>
        <Y>505</Y>
      </ptCenter>
      <radius>42.203320931470607</radius>
      <id>0</id>
      <Selected>false</Selected>
    </Circle>
    <Circle>
      <ptCenter>
        <X>645.5</X>
        <Y>670.5</Y>
      </ptCenter>
      <radius>40.158861482086451</radius>
      <id>0</id>
      <Selected>false</Selected>
    </Circle>
    <Circle>
      <ptCenter>
        <X>839.5</X>
        <Y>177.5</Y>
      </ptCenter>
      <radius>35.96758286230726</radius>
      <id>0</id>
      <Selected>false</Selected>
    </Circle>
    <Circle>
      <ptCenter>
        <X>839</X>
        <Y>340</Y>
      </ptCenter>
      <radius>40.4003546088143</radius>
      <id>0</id>
      <Selected>false</Selected>
    </Circle>
    <Circle>
      <ptCenter>
        <X>825.5</X>
        <Y>508.5</Y>
      </ptCenter>
      <radius>43.088460154178364</radius>
      <id>0</id>
      <Selected>false</Selected>
    </Circle>
    <Circle>
      <ptCenter>
        <X>820.5</X>
        <Y>671</Y>
      </ptCenter>
      <radius>42.349217900629135</radius>
      <id>0</id>
      <Selected>false</Selected>
    </Circle>
    <Circle>
      <ptCenter>
        <X>1011</X>
        <Y>175</Y>
      </ptCenter>
      <radius>39.739733281106119</radius>
      <id>0</id>
      <Selected>false</Selected>
    </Circle>
    <Circle>
      <ptCenter>
        <X>1007</X>
        <Y>338</Y>
      </ptCenter>
      <radius>39.801515129776341</radius>
      <id>0</id>
      <Selected>false</Selected>
    </Circle>
    <Circle>
      <ptCenter>
        <X>1008</X>
        <Y>504</Y>
      </ptCenter>
      <radius>41</radius>
      <id>0</id>
      <Selected>false</Selected>
    </Circle>
    <Circle>
      <ptCenter>
        <X>993</X>
        <Y>666.5</Y>
      </ptCenter>
      <radius>39.528030040344284</radius>
      <id>0</id>
      <Selected>false</Selected>
    </Circle>
  </circles>
</CalibrationInfo>