<?xml version="1.0"?>
<CalibrationInfo xmlns:xsi="http://www.w3.org/2001/XMLSchema-instance" xmlns:xsd="http://www.w3.org/2001/XMLSchema">
  <size>
      <Width>1067</Width>
    <Height>745</Height>
  </size>
  <circles>
    <Circle>
      <ptCenter>
        <X>76.5</X>
        <Y>92</Y>
      </ptCenter>
      <radius>43.760280470233177</radius>
      <id>0</id>
      <Selected>false</Selected>
    </Circle>
    <Circle>
      <ptCenter>
        <X>76.5</X>
        <Y>252</Y>
      </ptCenter>
      <radius>40.03124061561477</radius>
      <id>0</id>
      <Selected>false</Selected>
    </Circle>
    <Circle>
      <ptCenter>
        <X>81</X>
        <Y>422</Y>
      </ptCenter>
      <radius>40.311288741492746</radius>
      <id>0</id>
      <Selected>false</Selected>
    </Circle>
    <Circle>
      <ptCenter>
        <X>92</X>
        <Y>593</Y>
      </ptCenter>
      <radius>40.814496188294839</radius>
      <id>0</id>
      <Selected>false</Selected>
    </Circle>
    <Circle>
      <ptCenter>
        <X>251.5</X>
        <Y>85.5</Y>
      </ptCenter>
      <radius>43.034302189801714</radius>
      <id>0</id>
      <Selected>false</Selected>
    </Circle>
    <Circle>
      <ptCenter>
        <X>250</X>
        <Y>252.5</Y>
      </ptCenter>
      <radius>45.03124061561477</radius>
      <id>0</id>
      <Selected>false</Selected>
    </Circle>
    <Circle>
      <ptCenter>
        <X>252</X>
        <Y>422.5</Y>
      </ptCenter>
      <radius>42.469062297510973</radius>
      <id>0</id>
      <Selected>false</Selected>
    </Circle>
    <Circle>
      <ptCenter>
        <X>262</X>
        <Y>589</Y>
      </ptCenter>
      <radius>38.967379738244816</radius>
      <id>0</id>
      <Selected>false</Selected>
    </Circle>
    <Circle>
      <ptCenter>
        <X>435.5</X>
        <Y>74</Y>
      </ptCenter>
      <radius>36.528030040344284</radius>
      <id>0</id>
      <Selected>false</Selected>
    </Circle>
    <Circle>
      <ptCenter>
        <X>439.5</X>
        <Y>244.5</Y>
      </ptCenter>
      <radius>39.776351096866584</radius>
      <id>0</id>
      <Selected>false</Selected>
    </Circle>
    <Circle>
      <ptCenter>
        <X>439.5</X>
        <Y>422</Y>
      </ptCenter>
      <radius>40.978842710531552</radius>
      <id>0</id>
      <Selected>false</Selected>
    </Circle>
    <Circle>
      <ptCenter>
        <X>445.5</X>
        <Y>595</Y>
      </ptCenter>
      <radius>40.373214245220062</radius>
      <id>0</id>
      <Selected>false</Selected>
    </Circle>
    <Circle>
      <ptCenter>
        <X>621.5</X>
        <Y>71.5</Y>
      </ptCenter>
      <radius>37.925389765903226</radius>
      <id>0</id>
      <Selected>false</Selected>
    </Circle>
    <Circle>
      <ptCenter>
        <X>626.5</X>
        <Y>243.5</Y>
      </ptCenter>
      <radius>40.904909578116659</radius>
      <id>0</id>
      <Selected>false</Selected>
    </Circle>
    <Circle>
      <ptCenter>
        <X>625</X>
        <Y>419</Y>
      </ptCenter>
      <radius>42.203320931470607</radius>
      <id>0</id>
      <Selected>false</Selected>
    </Circle>
    <Circle>
      <ptCenter>
        <X>628.5</X>
        <Y>591.5</Y>
      </ptCenter>
      <radius>40.158861482086451</radius>
      <id>0</id>
      <Selected>false</Selected>
    </Circle>
    <Circle>
      <ptCenter>
        <X>803.5</X>
        <Y>69.5</Y>
      </ptCenter>
      <radius>33.96758286230726</radius>
      <id>0</id>
      <Selected>false</Selected>
    </Circle>
    <Circle>
      <ptCenter>
        <X>808</X>
        <Y>243</Y>
      </ptCenter>
      <radius>40.4003546088143</radius>
      <id>0</id>
      <Selected>false</Selected>
    </Circle>
    <Circle>
      <ptCenter>
        <X>809.5</X>
        <Y>417.5</Y>
      </ptCenter>
      <radius>43.088460154178364</radius>
      <id>0</id>
      <Selected>false</Selected>
    </Circle>
    <Circle>
      <ptCenter>
        <X>809.5</X>
        <Y>589</Y>
      </ptCenter>
      <radius>42.349217900629135</radius>
      <id>0</id>
      <Selected>false</Selected>
    </Circle>
    <Circle>
      <ptCenter>
        <X>982</X>
        <Y>74</Y>
      </ptCenter>
      <radius>39.739733281106119</radius>
      <id>0</id>
      <Selected>false</Selected>
    </Circle>
    <Circle>
      <ptCenter>
        <X>984</X>
        <Y>242</Y>
      </ptCenter>
      <radius>39.801515129776341</radius>
      <id>0</id>
      <Selected>false</Selected>
    </Circle>
    <Circle>
      <ptCenter>
        <X>987</X>
        <Y>413</Y>
      </ptCenter>
      <radius>41</radius>
      <id>0</id>
      <Selected>false</Selected>
    </Circle>
    <Circle>
      <ptCenter>
        <X>980</X>
        <Y>580.5</Y>
      </ptCenter>
      <radius>39.528030040344284</radius>
      <id>0</id>
      <Selected>false</Selected>
    </Circle>
  </circles>
</CalibrationInfo>