<?xml version="1.0"?>
<CalibrationInfo xmlns:xsi="http://www.w3.org/2001/XMLSchema-instance" xmlns:xsd="http://www.w3.org/2001/XMLSchema">
  <size>
   <Width>1067</Width>
    <Height>745</Height>
  </size>
  <circles>
    <Circle>
      <ptCenter>
        <X>110.5</X>
        <Y>129</Y>
      </ptCenter>
      <radius>43.760280470233177</radius>
      <id>0</id>
      <Selected>false</Selected>
    </Circle>
    <Circle>
      <ptCenter>
        <X>106.5</X>
        <Y>290</Y>
      </ptCenter>
      <radius>40.03124061561477</radius>
      <id>0</id>
      <Selected>false</Selected>
    </Circle>
    <Circle>
      <ptCenter>
        <X>103</X>
        <Y>457</Y>
      </ptCenter>
      <radius>40.311288741492746</radius>
      <id>0</id>
      <Selected>false</Selected>
    </Circle>
    <Circle>
      <ptCenter>
        <X>106</X>
        <Y>615</Y>
      </ptCenter>
      <radius>40.814496188294839</radius>
      <id>0</id>
      <Selected>false</Selected>
    </Circle>
    <Circle>
      <ptCenter>
        <X>284.5</X>
        <Y>131.5</Y>
      </ptCenter>
      <radius>43.034302189801714</radius>
      <id>0</id>
      <Selected>false</Selected>
    </Circle>
    <Circle>
      <ptCenter>
        <X>281</X>
        <Y>290.5</Y>
      </ptCenter>
      <radius>45.03124061561477</radius>
      <id>0</id>
      <Selected>false</Selected>
    </Circle>
    <Circle>
      <ptCenter>
        <X>282</X>
        <Y>454.5</Y>
      </ptCenter>
      <radius>42.469062297510973</radius>
      <id>0</id>
      <Selected>false</Selected>
    </Circle>
    <Circle>
      <ptCenter>
        <X>278</X>
        <Y>626</Y>
      </ptCenter>
      <radius>38.967379738244816</radius>
      <id>0</id>
      <Selected>false</Selected>
    </Circle>
    <Circle>
      <ptCenter>
        <X>452.5</X>
        <Y>129</Y>
      </ptCenter>
      <radius>38.528030040344284</radius>
      <id>0</id>
      <Selected>false</Selected>
    </Circle>
    <Circle>
      <ptCenter>
        <X>450.5</X>
        <Y>297.5</Y>
      </ptCenter>
      <radius>39.776351096866584</radius>
      <id>0</id>
      <Selected>false</Selected>
    </Circle>
    <Circle>
      <ptCenter>
        <X>456.5</X>
        <Y>459</Y>
      </ptCenter>
      <radius>40.978842710531552</radius>
      <id>0</id>
      <Selected>false</Selected>
    </Circle>
    <Circle>
      <ptCenter>
        <X>453.5</X>
        <Y>624</Y>
      </ptCenter>
      <radius>40.373214245220062</radius>
      <id>0</id>
      <Selected>false</Selected>
    </Circle>
    <Circle>
      <ptCenter>
        <X>637.5</X>
        <Y>128.5</Y>
      </ptCenter>
      <radius>37.925389765903226</radius>
      <id>0</id>
      <Selected>false</Selected>
    </Circle>
    <Circle>
      <ptCenter>
        <X>638.5</X>
        <Y>299.5</Y>
      </ptCenter>
      <radius>40.904909578116659</radius>
      <id>0</id>
      <Selected>false</Selected>
    </Circle>
    <Circle>
      <ptCenter>
        <X>639</X>
        <Y>458</Y>
      </ptCenter>
      <radius>42.203320931470607</radius>
      <id>0</id>
      <Selected>false</Selected>
    </Circle>
    <Circle>
      <ptCenter>
        <X>634.5</X>
        <Y>630.5</Y>
      </ptCenter>
      <radius>40.158861482086451</radius>
      <id>0</id>
      <Selected>false</Selected>
    </Circle>
    <Circle>
      <ptCenter>
        <X>816.5</X>
        <Y>134.5</Y>
      </ptCenter>
      <radius>37.96758286230726</radius>
      <id>0</id>
      <Selected>false</Selected>
    </Circle>
    <Circle>
      <ptCenter>
        <X>815</X>
        <Y>302</Y>
      </ptCenter>
      <radius>40.4003546088143</radius>
      <id>0</id>
      <Selected>false</Selected>
    </Circle>
    <Circle>
      <ptCenter>
        <X>813.5</X>
        <Y>465.5</Y>
      </ptCenter>
      <radius>43.088460154178364</radius>
      <id>0</id>
      <Selected>false</Selected>
    </Circle>
    <Circle>
      <ptCenter>
        <X>809.5</X>
        <Y>626</Y>
      </ptCenter>
      <radius>42.349217900629135</radius>
      <id>0</id>
      <Selected>false</Selected>
    </Circle>
    <Circle>
      <ptCenter>
        <X>985</X>
        <Y>137</Y>
      </ptCenter>
      <radius>42.739733281106119</radius>
      <id>0</id>
      <Selected>false</Selected>
    </Circle>
    <Circle>
      <ptCenter>
        <X>987</X>
        <Y>302</Y>
      </ptCenter>
      <radius>41.801515129776341</radius>
      <id>0</id>
      <Selected>false</Selected>
    </Circle>
    <Circle>
      <ptCenter>
        <X>987</X>
        <Y>465</Y>
      </ptCenter>
      <radius>41</radius>
      <id>0</id>
      <Selected>false</Selected>
    </Circle>
    <Circle>
      <ptCenter>
        <X>980</X>
        <Y>627.5</Y>
      </ptCenter>
      <radius>39.528030040344284</radius>
      <id>0</id>
      <Selected>false</Selected>
    </Circle>
  </circles>
</CalibrationInfo>