<?xml version="1.0"?>
<CalibrationInfo xmlns:xsi="http://www.w3.org/2001/XMLSchema-instance" xmlns:xsd="http://www.w3.org/2001/XMLSchema">
  <size>
   <Width>1067</Width>
    <Height>745</Height>
  </size>
  <circles>
    <Circle>
      <ptCenter>
        <X>57.5</X>
        <Y>144</Y>
      </ptCenter>
      <radius>43.760280470233177</radius>
      <id>0</id>
      <Selected>false</Selected>
    </Circle>
    <Circle>
      <ptCenter>
        <X>52.5</X>
        <Y>312</Y>
      </ptCenter>
      <radius>40.03124061561477</radius>
      <id>0</id>
      <Selected>false</Selected>
    </Circle>
    <Circle>
      <ptCenter>
        <X>52</X>
        <Y>478</Y>
      </ptCenter>
      <radius>40.311288741492746</radius>
      <id>0</id>
      <Selected>false</Selected>
    </Circle>
    <Circle>
      <ptCenter>
        <X>53</X>
        <Y>643</Y>
      </ptCenter>
      <radius>40.814496188294839</radius>
      <id>0</id>
      <Selected>false</Selected>
    </Circle>
    <Circle>
      <ptCenter>
        <X>229.5</X>
        <Y>144.5</Y>
      </ptCenter>
      <radius>43.034302189801714</radius>
      <id>0</id>
      <Selected>false</Selected>
    </Circle>
    <Circle>
      <ptCenter>
        <X>228</X>
        <Y>308.5</Y>
      </ptCenter>
      <radius>41.03124061561477</radius>
      <id>0</id>
      <Selected>false</Selected>
    </Circle>
    <Circle>
      <ptCenter>
        <X>226</X>
        <Y>479.5</Y>
      </ptCenter>
      <radius>41.469062297510973</radius>
      <id>0</id>
      <Selected>false</Selected>
    </Circle>
    <Circle>
      <ptCenter>
        <X>223</X>
        <Y>643</Y>
      </ptCenter>
      <radius>38.967379738244816</radius>
      <id>0</id>
      <Selected>false</Selected>
    </Circle>
    <Circle>
      <ptCenter>
        <X>404.5</X>
        <Y>135</Y>
      </ptCenter>
      <radius>36.528030040344284</radius>
      <id>0</id>
      <Selected>false</Selected>
    </Circle>
    <Circle>
      <ptCenter>
        <X>405.5</X>
        <Y>308.5</Y>
      </ptCenter>
      <radius>38.776351096866584</radius>
      <id>0</id>
      <Selected>false</Selected>
    </Circle>
    <Circle>
      <ptCenter>
        <X>403.5</X>
        <Y>477</Y>
      </ptCenter>
      <radius>38.978842710531552</radius>
      <id>0</id>
      <Selected>false</Selected>
    </Circle>
    <Circle>
      <ptCenter>
        <X>406.5</X>
        <Y>646</Y>
      </ptCenter>
      <radius>37.373214245220062</radius>
      <id>0</id>
      <Selected>false</Selected>
    </Circle>
    <Circle>
      <ptCenter>
        <X>591.5</X>
        <Y>138.5</Y>
      </ptCenter>
      <radius>37.925389765903226</radius>
      <id>0</id>
      <Selected>false</Selected>
    </Circle>
    <Circle>
      <ptCenter>
        <X>590.5</X>
        <Y>314.5</Y>
      </ptCenter>
      <radius>38.904909578116659</radius>
      <id>0</id>
      <Selected>false</Selected>
    </Circle>
    <Circle>
      <ptCenter>
        <X>585</X>
        <Y>479</Y>
      </ptCenter>
      <radius>39.203320931470607</radius>
      <id>0</id>
      <Selected>false</Selected>
    </Circle>
    <Circle>
      <ptCenter>
        <X>585.5</X>
        <Y>648.5</Y>
      </ptCenter>
      <radius>36.158861482086451</radius>
      <id>0</id>
      <Selected>false</Selected>
    </Circle>
    <Circle>
      <ptCenter>
        <X>771.5</X>
        <Y>145.5</Y>
      </ptCenter>
      <radius>37.96758286230726</radius>
      <id>0</id>
      <Selected>false</Selected>
    </Circle>
    <Circle>
      <ptCenter>
        <X>776</X>
        <Y>317</Y>
      </ptCenter>
      <radius>37.4003546088143</radius>
      <id>0</id>
      <Selected>false</Selected>
    </Circle>
    <Circle>
      <ptCenter>
        <X>773.5</X>
        <Y>485.5</Y>
      </ptCenter>
      <radius>36.088460154178364</radius>
      <id>0</id>
      <Selected>false</Selected>
    </Circle>
    <Circle>
      <ptCenter>
        <X>769.5</X>
        <Y>656</Y>
      </ptCenter>
      <radius>35.349217900629135</radius>
      <id>0</id>
      <Selected>false</Selected>
    </Circle>
    <Circle>
      <ptCenter>
        <X>947</X>
        <Y>156</Y>
      </ptCenter>
      <radius>39.739733281106119</radius>
      <id>0</id>
      <Selected>false</Selected>
    </Circle>
    <Circle>
      <ptCenter>
        <X>951</X>
        <Y>318</Y>
      </ptCenter>
      <radius>36.801515129776341</radius>
      <id>0</id>
      <Selected>false</Selected>
    </Circle>
    <Circle>
      <ptCenter>
        <X>950</X>
        <Y>487</Y>
      </ptCenter>
      <radius>37</radius>
      <id>0</id>
      <Selected>false</Selected>
    </Circle>
    <Circle>
      <ptCenter>
        <X>941</X>
        <Y>655.5</Y>
      </ptCenter>
      <radius>34.528030040344284</radius>
      <id>0</id>
      <Selected>false</Selected>
    </Circle>
  </circles>
</CalibrationInfo>